step,auprc,strategy
20,0.0,reconstruction_error
40,0.041295926000977284,reconstruction_error
60,0.14333506731409454,reconstruction_error
80,0.11436117305708957,reconstruction_error
100,0.2640445595915678,reconstruction_error
120,0.45799260633601874,reconstruction_error
140,0.6180414316397217,reconstruction_error
160,0.6198300926981372,reconstruction_error
180,0.6369236088668614,reconstruction_error
200,0.6218492337515193,reconstruction_error
