AUPRC,AUROC,Total Cost ($),Recall,Precision,FPR,Month,Method
0.4469414431887079,0.9438205355260385,17940,0.8197343453510436,0.3385579937304075,0.05001481481481482,0,Initial
0.10613893323163982,0.9069972652403581,34300,0.6098654708520179,0.13863404689092762,0.02001065656266651,1,Static Model
0.4526649328808279,0.9244301964614583,17470,0.7219730941704036,0.3884197828709288,0.03001598484399976,1,Adaptive (Retrained)
0.10759097502134042,0.8861849079217207,38390,0.5548654244306418,0.1369443025038324,0.020007581321519106,2,Static Model
0.3204645855769839,0.8984213557079043,22950,0.6997929606625258,0.2857142857142857,0.050047382136934375,2,Adaptive (Retrained)
0.09196546803783419,0.8854813040041305,28420,0.647239263803681,0.11087756174461377,0.02000520229847005,3,Static Model
0.30516532094604765,0.9158612313169222,13980,0.7269938650306749,0.3181208053691275,0.030030740127689762,3,Adaptive (Retrained)
