AUPRC,AUROC,Total Cost ($),Recall,Precision,FPR,Model
0.36138932702228954,0.8325680894392505,116840,0.37429854096520765,0.5553705245628643,0.007903500333012655,Ensemble
