AUPRC,AUROC,Total Cost ($),Recall,Precision,FPR,Model
0.8727030529605646,0.9929229640692675,15160,0.9057239057239057,0.5441672285906946,0.01000518019684748,XGBoost Baseline
0.26219351869117546,0.87529423592844,106890,0.5897867564534232,0.23724604966139956,0.05001110042181603,AE (standard)
0.3299114450505931,0.9001592513938649,88890,0.6907968574635241,0.26702819956616053,0.05001110042181603,AE (vae)
0.3298171668744165,0.8988327281464754,78990,0.7463524130190797,0.28243788490125293,0.05001110042181603,AE (denoising)
0.23190603253382,0.8682640767509661,110590,0.569023569023569,0.23082176189392214,0.05001110042181603,AE (contrastive)
0.9815793749706578,0.999690209776793,3480,0.999438832772166,0.8404907975460123,0.00500259009842374,AE (graph)
