Feature,SHAP Value,Actual Value
city_pop,578.7236505749609,62.59767280047825
age,0.8377183631128262,2.4487732686252497
distance_km,0.6006710580977643,-2.369218442701528
job,0.3114961769460984,-0.3650063494048219
hour,0.1446656800154642,0.32128221562026055
category,-1.4190328361152198,-1.6008233707080286
amt_log,-3.353524649084502,4.436442589647575
